{"cameraMode":{"drawMode":0,"name":"Shaded","section":"Shading Mode"},"sceneLighting":false,"audioPlay":false,"sceneViewState":{"showFog":true,"showMaterialUpdate":false,"showSkybox":false,"showFlares":true,"showImageEffects":true,"showParticleSystems":true},"in2DMode":false,"pivot":{"x":28.485010147094728,"y":-1.7533016204833985,"z":7.790008068084717},"rotation":{"x":0.19477415084838868,"y":0.7800217270851135,"z":-0.2938782274723053,"w":0.5169763565063477},"size":10.507556915283204,"orthographic":false}